productTypeID;TypeDescription;Buid
0003;Polishing Equipment;A
0005;Cleaning Supplies;B
0006;Paper Supplies;B
0007;Plastic Supplies;B
0008;Tray Supplies;B
0009;Photo Chemicals;C
0010;Flushing Chemicals;C
0011;Freezing Chemicals;C
0012;Fillers;D
0013;Covers;D
0014;Lifts;D
0015;Jacks;D
0001;Photo Equipment;A
0002;Manufacturing Equip;A
